player,profile_id
Tabith_1,200804
edenov01,217881
aNi_11,369057
Ramen,515937
Chuckfrancis,520130
DivineDFP,585764
BigTimeStud,705877
Vels,709959
Dragavantay,940557
bodia,1030424
VerteX,1062281
Howard Beale,1261258
Feigi,1464301
Combi | _ChIvO__,1913468
Obiwankevinobi,2118113
Swissblaze,3059370
HeliosEdiy,3258233
GiveUAnxiety,3553830
Holy.LeZouave,3625705
ApolloMaster07,3639483
Free,3696245
N A U T I L U S,3782028
Tips,3901430
Dragevann,4071458
LeComplete,4148931
Athule,4262428
brechtin,4969892
Itarossa,5190920
kino_blues,5430393
Jabar Jabroni,5981024
Boiiiiii3920,6256219
NOMAD,6265672
Tarlanors,6377753
Shellbee,6514515
Sofianosss,6543083
Graul,6719988
NyanRacingCat,6880143
Szalamii1,6924135
Sigitang,6958030
Pacomike,6960007
M7,6971273
SuperOxide,6981751
Loathe,6983525
Rode,7038867
SymbioseLegend,7046302
judgin_z,7071050
coRe,7090781
Vegeta,7219954
ISanych,7421328
Shoebacca5,7600850
antihero3mio der VIII,7601016
The Waldstetten,7620786
Melo,7632327
Choom,7738202
Ety,7896747
AdmiralOdawg,7959529
Pillars,7972932
KingSmurf,8010816
Dawnofday,8046009
Moketronics,8063447
Quarfelburg,8064820
[E-gear]Arabskiy_TIGER,8269666
Anotand,8432378
OpDVlaM,8463481
Donato,8478599
Jgpopper3,8804293
Gullyd3ck3l,8945737
Ezra123,9014000
SheRmaN,9093868
LM_Titanium,9110884
veconk,9166007
Ziuf,9223783
Niriw,9463451
Everlast007,9599078
exoque,9605331
nmm_thehun,9623034
tutur,9635414
Ramrod3,9750361
Altay,9864634
Macchiato,10093501
Speedeor,10139245
Speedeor 10139245,10139245
GandelfWarrior,10320420
Renion,10411496
WithinTheRuins1989,10523764
CanadianMirza,10951574
Muhodo,10999320
fenix,11020395
DrunkenSmuggler,11226133
Fabi,11234494
Vegeta,11636485
Altair3.0,11789188
奈良シカマル,12065725
TeCH,12191475
State,12370741
YourMomLovesMyYogaClass,12371308
Ríki,11264313
Obiwankevinobi,12176996
Eren_AoE,2295504
ThatBoyNathaN7,7043450
EsotericCloudSurfer,8841790
Gullyd3ck3l,8945737
Knusch,3592037
Kodak1,8124794
CDOWG,2561976
wechcocoo,8760347
Naheulbeuk,1335313
Gabinator27,3776265
Mauriccio,12432735
PCS | LeZouave,3625707
AntiRaider,11989139
VinylScratch,6233088
HeliosEdiy,3258233
jjackVII,2097609
GingaNinja875,83492
Tabith_1,200804
stealthyChak,6957231
Strongjawale,7416846
DivineDFP,585764
Ezra123,9014000
SchwabenSveni,3988937
J&J,8800916
M7,6971273
scifidrummergeek,38604
WackoJacko,2462995
Pedro Aly BumBum,132424
Beefyben,5374382
VES | Dragevann,4071458
Amnesia2216,2658177
Ramen,515937
judgin_z,7071050
NyanRacingCat,6880143
PCS | Chuckfrancis,520130
DG97 | Der_Grieche97,1589
Myriad,769187
HOMS | HOMS-.-SENPAI,9101896
Naheulbeuk,1335313
N/A | Fury Road,10724618
UFD | Ammaz,10460871
KnockKnock,570060
BeastyBeauty,15136051
CX | SameStashDifferentDude,5401029
Tayfan,7788946
Warsp1te,5075657
NyanRacingCat,6880143
TerrorBlade,3409448
J&J,8800916
A Little Lamb,13405275
Zan,9887856
SlicedZero7,11449256
HeliosEdiy,3258233
Sm3236,9634288
HOMS-.-SENPAI,9101896
BeastyBeauty,15136051
SAS_,2347873
KTFear,10441915
Naheulbeuk,1335313
Gullyd3ck3l,8945737
Porter12346,17061538
Rode,7038867
Maynardmadness,18179
shoebacca5,7600850
StompingHoof,8827384
DumBirb,8164749
SoldieR,608090
Tayfan,7788946
Cyrus Hype,8030960
NyanRacingCat,6880143
_PLA_Mouse国崛科比,2677308
LM_Dicynator (Tarlanors),6377753
TerrorBlade,3409448
Dragevann,4071458
Bouh'roh,4711473
Myriad,769187
SymphoniC,8364177
barybadpak,5817456
Yasu,5083144
Ammaz,10460871
AgenT_kNoUKilLs,6647764
Mikadoman,2118113
VZUS,15444204
Ayakeinori,14826456
VN HungADC,8324702
Dust,6550061
Tmog85,8376851
Mao Mao,12432735
